key,total_opinion,TRUE_polar_ans,FALSE_polar_ans,accuracy,TP,TN,FP,FN,Positive,Negative
food,26,26,0,100.00%,24,2,0,0,24,2
place,13,11,2,84.62%,11,0,1,1,12,1
service,13,12,1,92.31%,9,3,1,0,10,3
staff,10,10,0,100.00%,10,0,0,0,10,0
restaurant,9,8,1,88.89%,7,1,1,0,8,1
crawfish,6,5,1,83.33%,5,0,1,0,6,0
waiter,6,5,1,83.33%,5,0,0,1,5,1
drinks,6,5,1,83.33%,5,0,1,0,6,0
experience,5,4,1,80.00%,3,1,1,0,4,1
seafood,5,5,0,100.00%,4,1,0,0,4,1
oyster,4,4,0,100.00%,4,0,0,0,4,0
cake,4,2,2,50.00%,1,1,1,1,2,2
gumbo,4,3,1,75.00%,3,0,0,1,3,1
pasta,4,2,2,50.00%,2,0,2,0,4,0
server,4,4,0,100.00%,4,0,0,0,4,0
crab,4,2,2,50.00%,1,1,1,1,2,2
taste,3,3,0,100.00%,3,0,0,0,3,0
portions,3,3,0,100.00%,3,0,0,0,3,0
meal,3,3,0,100.00%,3,0,0,0,3,0
fries,3,2,1,66.67%,2,0,0,1,2,1
hurricane,3,2,1,66.67%,2,0,0,1,2,1
tail,3,3,0,100.00%,3,0,0,0,3,0
new,3,3,0,100.00%,3,0,0,0,3,0
sauce,3,3,0,100.00%,2,1,0,0,2,1
stop,2,2,0,100.00%,2,0,0,0,2,0
beans,2,2,0,100.00%,2,0,0,0,2,0
grill,2,2,0,100.00%,2,0,0,0,2,0
dish,2,1,1,50.00%,1,0,1,0,2,0
reviews,2,0,2,0.00%,0,0,1,1,1,1
everyone,2,2,0,100.00%,2,0,0,0,2,0
waitress,2,2,0,100.00%,2,0,0,0,2,0
rice,2,0,2,0.00%,0,0,1,1,1,1
orleans,2,2,0,100.00%,2,0,0,0,2,0
shrimp,2,2,0,100.00%,1,1,0,0,1,1
fried,2,2,0,100.00%,2,0,0,0,2,0
everything,2,2,0,100.00%,2,0,0,0,2,0
french,2,2,0,100.00%,2,0,0,0,2,0
one,2,1,1,50.00%,0,1,0,1,0,2
bread,2,2,0,100.00%,1,1,0,0,1,1
line,2,2,0,100.00%,0,2,0,0,0,2
sampler,2,0,2,0.00%,0,0,0,2,0,2
entree,1,0,1,0.00%,0,0,1,0,1,0
margarita,1,1,0,100.00%,1,0,0,0,1,0
watermelon,1,1,0,100.00%,1,0,0,0,1,0
filling,1,1,0,100.00%,1,0,0,0,1,0
kitchen,1,0,1,0.00%,0,0,0,1,0,1
change,1,1,0,100.00%,1,0,0,0,1,0
area,1,1,0,100.00%,1,0,0,0,1,0
patio,1,1,0,100.00%,1,0,0,0,1,0
beer,1,1,0,100.00%,1,0,0,0,1,0
met,1,0,1,0.00%,0,0,1,0,1,0
expectations,1,0,1,0.00%,0,0,1,0,1,0
wait,1,0,1,0.00%,0,0,0,1,0,1
pace,1,1,0,100.00%,1,0,0,0,1,0
gator,1,0,1,0.00%,0,0,0,1,0,1
errol,1,1,0,100.00%,1,0,0,0,1,0
oceana,1,1,0,100.00%,1,0,0,0,1,0
atmosphere,1,1,0,100.00%,1,0,0,0,1,0
yep,1,1,0,100.00%,1,0,0,0,1,0
étouffée,1,1,0,100.00%,1,0,0,0,1,0
orleansit,1,1,0,100.00%,1,0,0,0,1,0
po,1,1,0,100.00%,1,0,0,0,1,0
rating,1,0,1,0.00%,0,0,1,0,1,0
doggie,1,1,0,100.00%,1,0,0,0,1,0
vegetables,1,1,0,100.00%,0,1,0,0,0,1
succulent,1,1,0,100.00%,1,0,0,0,1,0
blend,1,1,0,100.00%,1,0,0,0,1,0
environment,1,1,0,100.00%,1,0,0,0,1,0
first,1,1,0,100.00%,1,0,0,0,1,0
breakfast,1,0,1,0.00%,0,0,0,1,0,1
courtyard,1,1,0,100.00%,1,0,0,0,1,0
dinner,1,1,0,100.00%,1,0,0,0,1,0
breading,1,1,0,100.00%,0,1,0,0,0,1
bbq,1,1,0,100.00%,0,1,0,0,0,1
appetizers,1,1,0,100.00%,1,0,0,0,1,0
single,1,1,0,100.00%,0,1,0,0,0,1
well,1,1,0,100.00%,1,0,0,0,1,0
platter,1,1,0,100.00%,1,0,0,0,1,0
martini,1,1,0,100.00%,1,0,0,0,1,0
customer,1,1,0,100.00%,1,0,0,0,1,0
current,1,1,0,100.00%,1,0,0,0,1,0
gras,1,1,0,100.00%,1,0,0,0,1,0
serverponce,1,1,0,100.00%,1,0,0,0,1,0
grits,1,1,0,100.00%,1,0,0,0,1,0
biscuit,1,1,0,100.00%,1,0,0,0,1,0
bacon,1,1,0,100.00%,1,0,0,0,1,0
training,1,1,0,100.00%,1,0,0,0,1,0
vibe,1,1,0,100.00%,1,0,0,0,1,0
house,1,1,0,100.00%,1,0,0,0,1,0
tropical,1,1,0,100.00%,1,0,0,0,1,0
flavor,1,1,0,100.00%,1,0,0,0,1,0
etouffee,1,1,0,100.00%,1,0,0,0,1,0
poboy,1,1,0,100.00%,1,0,0,0,1,0
pudding,1,1,0,100.00%,1,0,0,0,1,0
marys,1,1,0,100.00%,1,0,0,0,1,0
bloody,1,1,0,100.00%,1,0,0,0,1,0
huge,1,1,0,100.00%,1,0,0,0,1,0
mardi,1,1,0,100.00%,1,0,0,0,1,0
city,1,1,0,100.00%,1,0,0,0,1,0
jambalaya,1,1,0,100.00%,1,0,0,0,1,0
goodness,1,1,0,100.00%,1,0,0,0,1,0
manager,1,1,0,100.00%,1,0,0,0,1,0
chocolate,1,1,0,100.00%,1,0,0,0,1,0
white,1,1,0,100.00%,1,0,0,0,1,0
storm,1,1,0,100.00%,1,0,0,0,1,0
clubs,1,1,0,100.00%,1,0,0,0,1,0
star,1,1,0,100.00%,1,0,0,0,1,0
third,1,1,0,100.00%,1,0,0,0,1,0
fettuccini,1,0,1,0.00%,0,0,1,0,1,0
greens,1,1,0,100.00%,0,1,0,0,0,1
redfish,1,1,0,100.00%,1,0,0,0,1,0
blackened,1,1,0,100.00%,1,0,0,0,1,0
waitor,1,1,0,100.00%,1,0,0,0,1,0
ponchatran,1,1,0,100.00%,1,0,0,0,1,0
catfish,1,1,0,100.00%,1,0,0,0,1,0
location,1,1,0,100.00%,1,0,0,0,1,0
boys,1,1,0,100.00%,1,0,0,0,1,0
